农药,7天,14天,Soil
4.5%高效氯氰菊酯水乳剂,200,75.8,人工土壤
10%吡虫啉WP,3.29,2.89,人工土壤
50%烯啶虫胺可溶性粒剂,2.67,1.75,东北黑土
50%烯啶虫胺可溶性粒剂,1.61,1.12,太湖水稻土
4.5%高效氯氰菊酯乳油,121,113,人工土壤
10%烯啶虫胺可溶液剂,1.87,1.45,东北黑土
10%烯啶虫胺可溶液剂,1.56,1.04,太湖水稻土
10%苯醚甲环唑水分散粒剂,>100,>100,无锡水稻土
10%苯醚甲环唑水分散粒剂,>100,>100,东北黑土
40%氯噻啉WDG,2.18,1.89,河南二合土
40%氯噻啉WDG,38.6,14.1,太湖水稻土
20%啶虫脒WP,1.47,1.01,河南二合土
20%啶虫脒WP,1.15,0.99,太湖水稻土
10%多抗霉素WP,-,85.41,河南二合土
10%多抗霉素WP,-,97.98,太湖水稻土
5%特丁硫磷颗粒剂,340.3,240.4,河南二合土
5%特丁硫磷颗粒剂,＜800,620.7,太湖水稻土
10%吡虫啉可湿性粉剂,0.62,0.32,河南二合土
10%吡虫啉可湿性粉剂,-,0.91,无锡水稻土
10%氯噻啉可湿性粉剂,1.73,1.11,河南二合土
10%氯噻啉可湿性粉剂,13.1,9.33,无锡水稻土
30%二氯吡啶酸水剂,237.8,240.1,河南二合土
30%二氯吡啶酸水剂,>800,>800,无锡水稻土
40%三唑磷・辛硫磷乳油,59.2,18.7,河南二合土
40%三唑磷・辛硫磷乳油,>100,92.8,无锡水稻土
40%毒死蜱乳油,>100,>100,河南二合土
40%毒死蜱乳油,>100,>100,无锡水稻土
20%氰氟草酯・二氯喹啉酸可湿性粉剂,>100,>100,河南二合土
20%氰氟草酯・二氯喹啉酸可湿性粉剂,>100,>100,东北黑土
730g/L炔螨特乳油,83.29,48.04,河南二合土
730g/L炔螨特乳油,61.06,34.82,无锡水稻土
40%辛硫磷・三唑磷乳油,>100,>100,河南二合土
40%辛硫磷・三唑磷乳油,>100,>100,东北黑土
2.8%高效氟氯氰菊酯乳油,6.95,6.19,河南二合土
2.8%高效氟氯氰菊酯乳油,8.16,6.34,东北黑土
4.5%高效氯氰菊酯乳油,38.57,27.38,河南二合土
4.5%高效氯氰菊酯乳油,57.41,40,东北黑土
12%高氯・毒死蜱乳油,59.15,47.86,河南二合土
12%高氯・毒死蜱乳油,83.44,51.26,东北黑土
60%吡氟・异丙可湿性粉剂,>100,>100,无锡水稻土
60%吡氟・异丙可湿性粉剂,>100,>100,东北黑土
75%代森锰锌水分散粒剂,>200,>200,河南二合土
75%代森锰锌水分散粒剂,>200,>200,无锡水稻土
80%三乙膦酸铝水分散粒剂,>1000,>1000,河南二合土
80%三乙膦酸铝水分散粒剂,>1000,>1000,无锡水稻土
95%苯醚甲环唑原药,>100,>100,无锡水稻土
50%喹啉铜可湿性粉剂,56.6,44.9,无锡水稻土
50%喹啉铜可湿性粉剂,25.2,22.4,东北黑土
2%毒死蜱・杀虫单粉剂,>100,43.56,无锡水稻土
2%毒死蜱・杀虫单粉剂,>100,52.31,东北黑土
10%高效氯氟氰菊酯水乳剂,6.95,5.92,河南二合土
10%高效氯氟氰菊酯水乳剂,8.63,6.64,东北黑土
5%啶虫脒乳油,6.73,3.48,无锡水稻土
5%啶虫脒乳油,6.06,3.48,东北黑土
25%吡虫啉可湿性粉剂,4.59,2.46,东北黑土
25%吡虫啉可湿性粉剂,3.08,2,无锡水稻土
430g/L戊唑醇悬浮剂,>100,>100,无锡水稻土
430g/L戊唑醇悬浮剂,>100,>100,东北黑土
30%辛硫磷微囊悬浮剂,>100,>100,河南二合土
30%辛硫磷微囊悬浮剂,>100,>100,东北黑土
50%二甲戊灵・异丙隆・苄嘧磺隆可湿性粉剂,324.43,171.45,太湖水稻土
50%二甲戊灵・异丙隆・苄嘧磺隆可湿性粉剂,-,237.84,东北黑土
70%吡虫啉湿拌种剂,2.43,1.62,无锡水稻土
70%吡虫啉湿拌种剂,2.83,1.74,东北黑土
96%乙氧呋草黄原药,>100,>100,太湖水稻土
96%乙氧呋草黄原药,>100,>100,东北黑土
96.5%毒草胺原药,>100,>100,无锡水稻土
96.5%毒草胺原药,>100,>100,东北黑土
97%苯氧威原药,>1000,591.5,河南二合土
97%苯氧威原药,>1000,502.97,东北黑土
97%丁醚脲原药,-,71.13,河南二合土
97%丁醚脲原药,-,51.8,东北黑土
1.8%阿维菌素乳油,0.1,0.09,无
3%啶虫脒微乳剂,5.04,3.03,太湖水稻土
3%啶虫脒微乳剂,4.28,2.38,东北黑土
4.2%高效氯氰・甲维盐水乳剂,-,77.57,太湖水稻土
4.2%高效氯氰・甲维盐水乳剂,-,56.21,东北黑土
5%啶虫脒・高效氯氰菊酯微乳剂,5,3.41,太湖水稻土
5%啶虫脒・高效氯氰菊酯微乳剂,5.16,4.13,东北黑土
20%阿维菌素・丙溴磷乳油,57.78,40.9,太湖水稻土
20%阿维菌素・丙溴磷乳油,75.99,48.46,东北黑土
20%啶虫脒可溶粉剂,71.13,38.58,太湖水稻土
20%啶虫脒可溶粉剂,89.44,42.06,东北黑土
20%啶虫脒可溶性液剂,5,3.67,太湖水稻土
20%啶虫脒可溶性液剂,4,3.54,东北黑土
20.8%阿维菌素・四螨嗪悬浮剂,54.55,29.97,太湖水稻土
20.8%阿维菌素・四螨嗪悬浮剂,55.73,32.49,东北黑土
21%烟嘧・莠油悬浮剂,>100,>100,无锡水稻土
21%烟嘧・莠油悬浮剂,>100,>100,东北黑土
30%草甘膦可溶粉剂,>100,>100,无锡水稻土
30%草甘膦可溶粉剂,>100,>100,东北黑土
30%氰草津・莠去津悬浮剂,>100,>100,无锡水稻土
30%氰草津・莠去津悬浮剂,>100,>100,东北黑土
40%丙环唑微乳剂,>100,>100,太湖水稻土
40%丙环唑微乳剂,>100,>100,东北黑土
40%丁醚脲・三唑锡悬浮剂,35.43,31.52,无锡水稻土
40%丁醚脲・三唑锡悬浮剂,41.88,30.55,东北黑土
40%腈菌唑悬浮剂,>100,>100,无锡水稻土
40%腈菌唑悬浮剂,>100,>100,东北黑土
50%丙环唑乳油,>100,>100,太湖水稻土
50%丙环唑乳油,>100,>100,东北黑土
50%甲硫・咪鲜胺可湿性粉剂,>100,>100,无锡水稻土
50%甲硫・咪鲜胺可湿性粉剂,>100,>100,东北黑土
50%杀螺胺乙醇胺盐可湿性粉剂,>100,>100,无锡水稻土
50%杀螺胺乙醇胺盐可湿性粉剂,>100,>100,东北黑土
65%噻嗪酮可湿性粉剂,>100,>100,无锡水稻土
65%噻嗪酮可湿性粉剂,>100,>100,东北黑土
70%啶虫脒水分散粒剂,4.58,3.61,太湖水稻土
70%啶虫脒水分散粒剂,4.36,3.26,东北黑土
74.7%草甘膦铵盐可溶粒剂,>100,>100,无锡水稻土
74.7%草甘膦铵盐可溶粒剂,>100,>100,东北黑土
500g/L丙溴磷乳油,91.46,71.13,无锡水稻土
500g/L丙溴磷乳油,94.57,79.76,东北黑土
0.5%高渗阿维菌素微乳剂,-,71.13,太湖水稻土
0.5%高渗阿维菌素微乳剂,91.46,71.13,东北黑土
1.8%高渗阿维菌素微乳剂,48.46,42.64,太湖水稻土
1.8%高渗阿维菌素微乳剂,48.91,38.3,东北黑土
5%腈菌唑微乳剂,>100,>100,太湖水稻土
5%腈菌唑微乳剂,>100,>100,东北黑土
5.7%氟氯氰菊酯水乳剂,>100,>100,太湖水稻土
5.7%氟氯氰菊酯水乳剂,>100,>100,东北黑土
8%高渗三唑磷微乳剂,>100,>100,太湖水稻土
8%高渗三唑磷微乳剂,>100,>100,东北黑土
10%氟硅唑水乳剂,>100,>100,太湖水稻土
10%氟硅唑水乳剂,>100,>100,东北黑土
15%氟铃脲・辛硫磷乳油,>100,>100,太湖水稻土
15%氟铃脲・辛硫磷乳油,>100,>100,东北黑土
15%三唑酮可湿性粉剂,>100,>100,太湖水稻土
15%三唑酮可湿性粉剂,>100,>100,东北黑土
15.6%阿维菌素・丁醚脲乳油,-,56.51,太湖水稻土
15.6%阿维菌素・丁醚脲乳油,-,71.13,东北黑土
18%吡虫啉・噻嗪酮悬浮剂,7.68,3.74,太湖水稻土
18%吡虫啉・噻嗪酮悬浮剂,8.94,3.77,东北黑土
20%异丙威悬浮剂,-,55.7,太湖水稻土
20%异丙威悬浮剂,-,50.3,东北黑土
20%仲丁威微乳剂,-,56.57,太湖水稻土
20%仲丁威微乳剂,-,77.57,东北黑土
25%噻嗪酮悬浮剂,>100,>100,太湖水稻土
25%噻嗪酮悬浮剂,>100,>100,东北黑土
40%阿维・炔螨特乳油,>100,>100,太湖水稻土
40%阿维・炔螨特乳油,>100,>100,东北黑土
40%哒螨灵・丁醚脲悬浮剂,100,63.37,太湖水稻土
40%哒螨灵・丁醚脲悬浮剂,56.57,42.03,东北黑土
40%炔螨特微乳剂,>100,>100,太湖水稻土
40%炔螨特微乳剂,>100,>100,东北黑土
40%异丙威可湿性粉剂,-,71.13,太湖水稻土
40%异丙威可湿性粉剂,-,71.13,东北黑土
40.6%阿维菌素・炔螨特微乳剂,>100,>100,太湖水稻土
40.6%阿维菌素・炔螨特微乳剂,>100,>100,东北黑土
42%多菌灵・戊唑醇悬浮剂,>100,>100,太湖水稻土
42%多菌灵・戊唑醇悬浮剂,>100,>100,东北黑土
45.5%阿维菌素・丁醚脲悬浮剂,92.83,79.76,太湖水稻土
45.5%阿维菌素・丁醚脲悬浮剂,70.04,46.03,东北黑土
50%草甘膦可溶粉剂,>100,>100,太湖水稻土
50%草甘膦可溶粉剂,>100,>100,东北黑土
69%代森锰锌・烯酰吗啉可湿性粉剂,>100,>100,太湖水稻土
69%代森锰锌・烯酰吗啉可湿性粉剂,>100,>100,东北黑土
70%丙森锌可湿性粉剂,>100,>100,太湖水稻土
70%丙森锌可湿性粉剂,>100,>100,东北黑土
2.5%联苯菊酯水乳剂,55.9,29.79,太湖水稻土
2.5%联苯菊酯水乳剂,53.91,54.24,东北黑土
5%高氯・甲维盐微乳剂,>100,>100,太湖水稻土
5%高氯・甲维盐微乳剂,>100,>100,东北黑土
10%联苯菊酯水乳剂,50.3,30.4,太湖水稻土
10%联苯菊酯水乳剂,60.49,57.78,东北黑土
10%联苯菊酯微乳剂,32.44,27.38,太湖水稻土
10%联苯菊酯微乳剂,40.9,26.39,东北黑土
12.5%腈菌唑微乳剂,>100,>100,太湖水稻土
12.5%腈菌唑微乳剂,>100,>100,东北黑土
21%毒死蜱・啶虫咪微乳剂,48.04,36.68,太湖水稻土
21%毒死蜱・啶虫咪微乳剂,53.91,39.95,东北黑土
25%苄嘧磺隆・乙草胺可湿性粉剂,>100,>100,太湖水稻土
25%苄嘧磺隆・乙草胺可湿性粉剂,>100,>100,东北黑土
25%丁醚脲乳油,-,77.57,太湖水稻土
25%丁醚脲乳油,-,56.51,东北黑土
25%氟硅唑微乳剂,>100,>100,太湖水稻土
25%氟硅唑微乳剂,>100,>100,东北黑土
40%多菌灵・腈菌唑悬浮剂,>100,>100,太湖水稻土
40%多菌灵・腈菌唑悬浮剂,>100,>100,东北黑土
40%甲基硫菌灵・腈菌唑悬浮剂,>100,>100,太湖水稻土
40%甲基硫菌灵・腈菌唑悬浮剂,>100,>100,东北黑土
42%毒死蜱・噻嗪酮乳油,>100,>100,太湖水稻土
42%毒死蜱・噻嗪酮乳油,>100,>100,东北黑土
43%戊唑醇・甲基硫菌灵悬浮剂,>100,>100,太湖水稻土
43%戊唑醇・甲基硫菌灵悬浮剂,>100,>100,东北黑土
44.5%毒死蜱・高氯微乳剂,-,54.85,太湖水稻土
44.5%毒死蜱・高氯微乳剂,-,38.57,东北黑土
50%噻嗪酮悬浮剂,>100,>100,太湖水稻土
50%噻嗪酮悬浮剂,>100,>100,东北黑土
50%杀虫单可溶粉剂,>100,>100,太湖水稻土
50%杀虫单可溶粉剂,>100,>100,东北黑土
60%乙膦铝・烯酰吗啉可湿性粉剂,>100,>100,太湖水稻土
60%乙膦铝・烯酰吗啉可湿性粉剂,>100,>100,东北黑土
70%丙森锌・甲基硫菌灵可湿性粉剂,>100,>100,太湖水稻土
70%丙森锌・甲基硫菌灵可湿性粉剂,>100,>100,东北黑土
70%代森锰锌水分散粒剂,>100,>100,太湖水稻土
70%代森锰锌水分散粒剂,>100,>100,东北黑土
90%杀虫单可溶性粉,>100,>100,太湖水稻土
90%杀虫单可溶性粉,>100,>100,东北黑土
5%啶虫脒可湿性粉剂,4.19,3.15,太湖水稻土
5%啶虫脒可湿性粉剂,4.36,3.83,东北黑土
12%虫螨腈・甲氨基阿维菌素苯甲酸盐悬浮剂,100,51.4,太湖水稻土
12%虫螨腈・甲氨基阿维菌素苯甲酸盐悬浮剂,-,56.51,东北黑土
0.5%高渗阿维菌素微乳剂,-,71.13,太湖水稻土
0.5%高渗阿维菌素微乳剂,91.46,71.13,东北黑土
1.8%高渗阿维菌素微乳剂,48.46,42.64,太湖水稻土
1.8%高渗阿维菌素微乳剂,48.91,38.3,东北黑土
4.5%高效氯氰菊酯乳油,48.91,23.78,太湖水稻土
4.5%高效氯氰菊酯乳油,34.27,20,东北黑土
4.5%高效氯氰菊酯水乳剂,52.66,33.64,太湖水稻土
4.5%高效氯氰菊酯水乳剂,67.07,37.28,东北黑土
5%S-氰戊菊酯水乳剂,41.57,26.5,太湖水稻土
5%S-氰戊菊酯水乳剂,40,29.62,东北黑土
5%阿维菌素乳油,56.5,42.82,太湖水稻土
5%阿维菌素乳油,51.49,38.16,东北黑土
5%啶虫脒可湿性粉剂,5.6,3.82,太湖水稻土
5%啶虫脒可湿性粉剂,7.76,4.49,东北黑土
5%啶虫脒乳油,5.4,4.19,太湖水稻土
5%啶虫脒乳油,6.9,3.48,东北黑土
10%氟硅唑水乳剂,>100,>100,太湖水稻土
10%氟硅唑水乳剂,>100,>100,东北黑土
15.6%阿维菌素・丁醚脲乳油,-,56.51,太湖水稻土
15.6%阿维菌素・丁醚脲乳油,-,71.13,东北黑土
20%吡虫啉乳油,71.13,38.58,无锡水稻土
20%吡虫啉乳油,89.44,42.06,东北黑土
21%烟嘧・莠油悬浮剂,>100,>100,太湖水稻土
30%氰草津・莠去津悬浮剂,>100,>100,无锡水稻土
30%氰草津・莠去津悬浮剂,>100,>100,东北黑土
40%丁醚脲・三唑锡悬浮剂,35.43,31.52,太湖水稻土
40%啶虫脒可溶性粉剂,71.13,38.58,太湖水稻土
40%啶虫脒可溶性粉剂,89.44,43.84,东北黑土
50%丙环唑乳油,>100,>100,太湖水稻土
50%丙环唑乳油,>100,>100,东北黑土
50%烯酰吗啉可湿性粉剂,>100,>100,太湖水稻土
50%烯酰吗啉可湿性粉剂,>100,>100,东北黑土
65%噻嗪酮可湿性粉剂,>100,>100,无锡水稻土
65%噻嗪酮可湿性粉剂,>100,>100,东北黑土
70%啶虫脒水分散粒剂,4.58,3.61,太湖水稻土
70%啶虫脒水分散粒剂,4.36,3.26,东北黑土
74.7%草甘膦铵盐可溶粒剂,>100,>100,无锡水稻土
74.7%草甘膦铵盐可溶粒剂,>100,>100,东北黑土
77.7%草甘膦铵盐可溶粒剂,>100,>100,太湖水稻土
77.7%草甘膦铵盐可溶粒剂,>100,>100,东北黑土
300g/L苯醚甲・丙环乳油,75.36,63.37,太湖水稻土
300g/L苯醚甲・丙环乳油,>100,77.57,东北黑土
500g/L丙溴磷乳油,91.46,71.13,无锡水稻土
500g/L丙溴磷乳油,94.57,79.76,东北黑土
0.3%苄・二氯颗粒剂,35.43,37.32,无锡水稻土
0.3%苄・二氯颗粒剂,45.87,35.43,东北黑土
0.3%苄嘧・丙草胺颗粒剂,33.25,26.39,无锡水稻土
0.3%苄嘧・丙草胺颗粒剂,34.01,21.44,东北黑土
0.5%甲氨基阿维菌素苯甲酸盐乳油,15.2,13.2,太湖水稻土
0.5%甲氨基阿维菌素苯甲酸盐乳油,21.4,17.4,东北黑土
0.5%依维菌素乳油,56.05,34.01,太湖水稻土
0.5%依维菌素乳油,40.9,30.31,东北黑土
2%十八烷基三甲基氯化铵可溶性粉剂,200,70.71,江西红壤
2%十八烷基三甲基氯化铵可溶性粉剂,272.16,232.03,东北黑土
2.5%联苯菊酯水乳剂,46.41,30.31,太湖水稻土
2.5%联苯菊酯水乳剂,40,34.82,东北黑土
5%阿维菌素乳油,56.5,42.82,太湖水稻土
5%阿维菌素乳油,51.49,38.16,东北黑土
5%啶虫脒可湿性粉剂,5.6,3.82,太湖水稻土
5%啶虫脒可湿性粉剂,7.76,4.49,东北黑土
10%高效氯氟氰菊酯水乳剂,48,37.4,太湖水稻土
10%高效氯氟氰菊酯水乳剂,59.8,48.5,东北黑土
10%顺式氯氰菊酯・残杀威乳油,>100,>100,太湖水稻土
10%顺式氯氰菊酯・残杀威乳油,>100,>100,东北黑土
10%乙羧氟草醚乳油,74.92,68.7,太湖水稻土
10%乙羧氟草醚乳油,87.06,74.92,东北黑土
15%松・喹・氟磺胺微乳剂,>100,>100,太湖水稻土
15%松・喹・氟磺胺微乳剂,>100,>100,东北黑土
20%阿维菌素・三唑磷乳油,38.5,29.9,太湖水稻土
20%阿维菌素・三唑磷乳油,35.9,20,东北黑土
20%虫螨腈・丁醚脲乳油,-,36.68,太湖水稻土
20%虫螨腈・丁醚脲乳油,-,45.89,东北黑土
20%毒・辛乳油,>100,>100,太湖水稻土
20%毒・辛乳油,>100,>100,东北黑土
20%f草酮・丁草胺乳油,>100,>100,太湖水稻土
20%f草酮・丁草胺乳油,>100,>100,东北黑土
20%炔草酸可湿性粉剂,>100,>100,太湖水稻土
20%炔草酸可湿性粉剂,>100,>100,东北黑土
20%叶枯唑悬浮剂,-,75.36,太湖水稻土
20%叶枯唑悬浮剂,-,70.58,东北黑土
20.5%阿维・三唑磷乳油,55.9,38.3,太湖水稻土
20.5%阿维・三唑磷乳油,38.3,33.3,东北黑土
22%丙溴・辛硫磷乳油,>100,>100,太湖水稻土
22%丙溴・辛硫磷乳油,>100,>100,东北黑土
25%阿维・毒死蜱乳油,>100,>100,太湖水稻土
25%阿维・毒死蜱乳油,>100,>100,东北黑土
25%吡虫啉・辛硫磷乳油,>100,77.6,太湖水稻土
25%吡虫啉・辛硫磷乳油,>100,63.4,东北黑土
25%吡蚜酮可湿性粉剂,>100,>100,太湖水稻土
25%吡蚜酮可湿性粉剂,>100,>100,东北黑土
25%多效唑悬浮剂,>100,>100,太湖水稻土
25%多效唑悬浮剂,>100,>100,东北黑土
25%马拉・辛硫磷乳油对,>100,>100,太湖水稻土
25%马拉・辛硫磷乳油对,>100,>100,东北黑土
30%吡虫・毒死蜱乳油,52.3,36.7,太湖水稻土
30%吡虫・毒死蜱乳油,50.4,35.6,东北黑土
30%草甘膦可溶粉剂,>100,>100,太湖水稻土
30%烯酰・咪鲜胺悬浮剂,>100,>100,太湖水稻土
30%烯酰・咪鲜胺悬浮剂,>100,>100,东北黑土
33.5%喹啉铜悬浮剂,65.9,52.85,太湖水稻土
33.5%喹啉铜悬浮剂,48.46,44.9,东北黑土
40%苄嘧・丙草胺可湿性粉剂,>400.0,112.3,太湖水稻土
40%苄嘧・丙草胺可湿性粉剂,>400.0,100,东北黑土
50%吡氟酰草胺可湿性粉剂,>100,>100,太湖水稻土
50%吡氟酰草胺可湿性粉剂,>100,>100,东北黑土
50%吡嘧磺隆・二氯喹啉酸可湿性粉剂,>100,>100,太湖水稻土
50%吡嘧磺隆・二氯喹啉酸可湿性粉剂,>100,>100,东北黑土
50%丙草胺乳油,>100,>100,太湖水稻土
50%丙草胺乳油,>100,>100,东北黑土
50%丁草胺乳油,>100,>100,太湖水稻土
50%丁草胺乳油,>100,>100,东北黑土
52%高效氯氟氰菊酯・吡虫啉可湿性粉剂,6.59,4,太湖水稻土
52%高效氯氟氰菊酯・吡虫啉可湿性粉剂,3.91,3.7,东北黑土
60%苄嘧磺隆水分散粒剂,>100,>100,太湖水稻土
60%苄嘧磺隆水分散粒剂,>100,>100,东北黑土
60%f草・丁草胺乳油,>100,>100,太湖水稻土
60%f草・丁草胺乳油,>100,>100,东北黑土
60%环嗪酮・敌草隆可湿性粉剂,>100,>100,太湖水稻土
60%环嗪酮・敌草隆可湿性粉剂,>100,>100,东北黑土
63.5%咪鲜胺锰盐・多菌灵可湿性粉剂,>100,>100,太湖水稻土
63.5%咪鲜胺锰盐・多菌灵可湿性粉剂,>100,>100,东北黑土
65%草甘膦可溶粉剂,>100,>100,太湖水稻土
65%草甘膦可溶粉剂,>100,>100,东北黑土
69g/L精f唑禾草灵水乳剂,>100,>100,太湖水稻土
69g/L精f唑禾草灵水乳剂,>100,>100,东北黑土
70%丙森锌可湿性粉剂,>100,>100,太湖水稻土
70%辛硫磷乳油,800,200,太湖水稻土
70%辛硫磷乳油,-,336.36,东北黑土
75%肟草酮・溴苯腈水分散粒剂,>100,>100,太湖水稻土
75%肟草酮・溴苯腈水分散粒剂,>100,>100,东北黑土
75.7%草甘膦铵盐可溶性粉剂,>100,>100,太湖水稻土
75.7%草甘膦铵盐可溶性粉剂,>100,>100,东北黑土
77.7%草甘膦铵盐可溶粉剂,>100,>100,太湖水稻土
77.7%草甘膦铵盐可溶粉剂,>100,>100,东北黑土
80%除草定可湿性粉剂,>100,>100,太湖水稻土
80%除草定可湿性粉剂,>100,>100,东北黑土
92%2甲4氯异辛酯原药,>100,>100,太湖水稻土
92%2甲4氯异辛酯原药,>100,>100,东北黑土
95%草铵膦原药,>100,>100,太湖水稻土
95%草铵膦原药,>100,>100,东北黑土
95%草甘膦铵盐可溶粉剂,>100,>100,太湖水稻土
95%草甘膦铵盐可溶粉剂,>100,>100,东北黑土
95%除草定原药,>100,>100,太湖水稻土
95%除草定原药,>100,>100,东北黑土
95%二氰蒽醌原药,>100,>100,太湖水稻土
95%二氰蒽醌原药,>100,>100,东北黑土
95%氟环唑原药,>100,>100,太湖水稻土
95%氟环唑原药,>100,>100,东北黑土
95%噻虫啉原药,>100,>100,太湖水稻土
95%噻虫啉原药,>100,>100,东北黑土
95%硝磺草酮原药,>100,>100,太湖水稻土
95%硝磺草酮原药,>100,>100,东北黑土
96%2，4-滴异辛酯原药,>100,>100,太湖水稻土
96%2，4-滴异辛酯原药,>100,>100,东北黑土
96%丁醚脲原药,>100,>100,太湖水稻土
96%丁醚脲原药,>100,>100,东北黑土
96%氟环唑原药,>100,>100,太湖水稻土
96%氟环唑原药,>100,>100,东北黑土
97%氟环唑原药,>100,>100,太湖水稻土
97%氟环唑原药,>100,>100,东北黑土
97%甲羧除草醚原药,>100,>100,太湖水稻土
97%甲羧除草醚原药,>100,>100,东北黑土
97%噻嗪酮原药,>100,>100,太湖水稻土
97%噻嗪酮原药,>100,>100,东北黑土
97%肟草酮原药,>100,>100,太湖水稻土
97%肟草酮原药,>100,>100,东北黑土
98%吡氟酰草胺原药,>100,>100,太湖水稻土
98%吡氟酰草胺原药,>100,>100,东北黑土
150g/L硝磺草酮悬浮剂,>100,>100,太湖水稻土
150g/L硝磺草酮悬浮剂,>100,>100,东北黑土
200g/L草铵膦铵盐水剂,>100,>100,太湖水稻土
200g/L草铵膦铵盐水剂,>100,>100,东北黑土
250g/L己唑醇・三环唑悬浮剂,-,75.36,太湖水稻土
250g/L己唑醇・三环唑悬浮剂,-,77.57,东北黑土
375g/L硫双威悬浮种衣剂,>100,51.8,太湖水稻土
375g/L硫双威悬浮种衣剂,>100,71.1,东北黑土
400g/L2-甲・溴苯腈乳油,>100,>100,太湖水稻土
400g/L2-甲・溴苯腈乳油,>100,>100,东北黑土
450g/L咪鲜胺水乳剂,6.77,4.59,太湖水稻土
450g/L咪鲜胺水乳剂,9.28,7.1,东北黑土
500g/L四螨嗪悬浮剂,>100,>100,太湖水稻土
500g/L四螨嗪悬浮剂,>100,>100,东北黑土
860g/L2甲4氯二甲胺盐水剂,>100,>100,太湖水稻土
860g/L2甲4氯二甲胺盐水剂,>100,>100,东北黑土
"860g/L2,4-滴二甲胺盐水剂",>100,>100,太湖水稻土
"860g/L2,4-滴二甲胺盐水剂",>100,>100,东北黑土
2%甲氨基阿维菌素水乳剂,12.97,12.97,太湖水稻土
2%甲氨基阿维菌素水乳剂,7.07,6.1,东北黑土
2.5%高效氯氟氰菊酯微乳剂,44.88,41.57,太湖水稻土
2.5%高效氯氟氰菊酯微乳剂,32.49,28.28,东北黑土
2.5%联苯菊酯水乳剂,62.2,47.2,太湖水稻土
2.5%联苯菊酯水乳剂,39.1,32.5,东北黑土
3%甲氨基阿维菌素悬浮剂,>100,>100,太湖水稻土
3%甲氨基阿维菌素悬浮剂,>100,>100,东北黑土
4.5%联苯菊酯水乳剂,61.06,39.98,太湖水稻土
4.5%联苯菊酯水乳剂,40,40,东北黑土
5%丁硫克百威颗粒剂,>100,>100,太湖水稻土
5%丁硫克百威颗粒剂,>100,>100,东北黑土
5%高效氯氰菊酯・甲维盐微乳剂,66.55,53.24,太湖水稻土
5%高效氯氰菊酯・甲维盐微乳剂,>100,>100,东北黑土
10%苯醚甲环唑水乳剂,>100,>100,太湖水稻土
10%苯醚甲环唑水乳剂,>100,>100,东北黑土
10%啶虫脒微乳剂,2.64,2.46,太湖水稻土
10%啶虫脒微乳剂,2.64,2.46,东北黑土
10%高效氯氰菊酯水乳剂,48.04,26.39,太湖水稻土
10%高效氯氰菊酯水乳剂,40,17.95,东北黑土
10%烯啶虫胺水剂,2.31,1.16,太湖水稻土
10%烯啶虫胺水剂,4.17,1.92,东北黑土
10%硝磺草酮悬浮剂,>100,>100,太湖水稻土
10%硝磺草酮悬浮剂,>100,>100,东北黑土
10.5%阿维・哒螨灵乳油,>10,>10,太湖水稻土
10.5%阿维・哒螨灵乳油,>10,>10,东北黑土
20%丙环唑微乳剂,>100,>100,太湖水稻土
20%丙环唑微乳剂,>100,>100,东北黑土
20%甲氰菊酯水乳剂,>100,>100,太湖水稻土
20%甲氰菊酯水乳剂,>100,>100,东北黑土
20%腈菌唑悬浮剂,>100,>100,太湖水稻土
20%腈菌唑悬浮剂,>100,>100,东北黑土
20%三唑锡・四螨嗪悬浮剂,100,100,太湖水稻土
20%三唑锡・四螨嗪悬浮剂,>100,100,东北黑土
20%戊唑・异菌脲悬浮剂,>100,>100,太湖水稻土
20%戊唑・异菌脲悬浮剂,>100,>100,东北黑土
25%丙环唑水乳剂,>100,>100,太湖水稻土
25%丙环唑水乳剂,>100,>100,东北黑土
30%多菌灵・三环唑可湿性粉剂,>100,>100,太湖水稻土
30%多菌灵・三环唑可湿性粉剂,>100,>100,东北黑土
35%草甘・乙可湿性粉剂,>100,>100,太湖水稻土
35%草甘・乙可湿性粉剂,>100,>100,东北黑土
40%多菌灵悬浮剂,>100,31.72,太湖水稻土
40%多菌灵悬浮剂,63.33,42.64,东北黑土
40%三唑锡悬浮剂,42.87,28.28,太湖水稻土
40%三唑锡悬浮剂,20,15.16,东北黑土
42%毒・噻乳油,>100,>100,太湖水稻土
42%毒・噻乳油,>100,>100,东北黑土
44.5%高氯・毒死蜱乳油,81.42,69.31,太湖水稻土
44.5%高氯・毒死蜱乳油,41.41,15.19,东北黑土
58%草甘膦可溶粒剂,>100,>100,太湖水稻土
58%草甘膦可溶粒剂,>100,>100,东北黑土
60%甲基硫菌灵・代森锰锌可湿性粉剂,>100,>100,太湖水稻土
60%甲基硫菌灵・代森锰锌可湿性粉剂,>100,>100,东北黑土
65%草甘膦可溶粉剂,>100,>100,太湖水稻土
65%戊唑・丙森锌可湿性粉剂,>100,>100,太湖水稻土
65%戊唑・丙森锌可湿性粉剂,>100,>100,东北黑土
68%吡嘧磺隆・苯噻酰草胺可湿性粉剂,>100,>100,太湖水稻土
68%吡嘧磺隆・苯噻酰草胺可湿性粉剂,>100,>100,东北黑土
68%苄嘧・苯噻酰可湿性粉剂,>100,>100,太湖水稻土
68%苄嘧・苯噻酰可湿性粉剂,>100,>100,东北黑土
69%苄嘧磺隆・苯噻酰草胺可湿性粉剂,>100,>100,太湖水稻土
69%苄嘧磺隆・苯噻酰草胺可湿性粉剂,>100,>100,东北黑土
70%啶虫脒可湿性粉剂,3.36,2.3,太湖水稻土
70%啶虫脒可湿性粉剂,2.89,2.3,东北黑土
70%甲硫・氟硅唑可湿性粉剂,>100,>100,太湖水稻土
70%甲硫・氟硅唑可湿性粉剂,>100,>100,东北黑土
70%烯酰・丙森锌可湿性粉剂,>100,>100,太湖水稻土
70%烯酰・丙森锌可湿性粉剂,>100,>100,东北黑土
72%甲・灭・敌草隆可湿性粉剂,>100,>100,太湖水稻土
72%甲・灭・敌草隆可湿性粉剂,>100,>100,东北黑土
72%甲霜・锰锌可湿性粉剂,>100,>100,太湖水稻土
72%甲霜・锰锌可湿性粉剂,>100,>100,东北黑土
74.7%草甘膦铵盐可溶性粒剂,>100,>100,太湖水稻土
74.7%草甘膦铵盐可溶性粒剂,>100,>100,东北黑土
75%二氯喹啉酸水分散粒剂,>100,>100,太湖水稻土
75%二氯喹啉酸水分散粒剂,>100,>100,东北黑土
75%环嗪酮水分散粒剂,35.89,27.48,太湖水稻土
75%环嗪酮水分散粒剂,19.24,13.74,东北黑土
75%硫双威可湿性粉剂,43.62,35.43,太湖水稻土
75%硫双威可湿性粉剂,46.41,26.5,东北黑土
75%氯吡嘧磺隆水分散粒剂,>100,>100,太湖水稻土
75%氯吡嘧磺隆水分散粒剂,>100,>100,东北黑土
75%噻嗪酮可湿性粉剂,>100,>100,太湖水稻土
75%噻嗪酮可湿性粉剂,>100,>100,东北黑土
75%三环唑水分散粒剂,>20,>20,太湖水稻土
75%三环唑水分散粒剂,>20,>20,东北黑土
75%烟嘧・溴苯腈水分散粒剂,>100,>100,太湖水稻土
75%烟嘧・溴苯腈水分散粒剂,>100,>100,东北黑土
75.7%草甘膦铵盐可溶性粒剂,>100,>100,太湖水稻土
75.7%草甘膦铵盐可溶性粒剂,>100,>100,东北黑土
76%丙森・霜脲氰可湿性粉剂,>100,>100,太湖水稻土
76%丙森・霜脲氰可湿性粉剂,>100,>100,东北黑土
78%溴腈・莠灭净可湿性粉剂,>100,>100,太湖水稻土
78%溴腈・莠灭净可湿性粉剂,>100,>100,东北黑土
80%代森锰锌可湿性粉剂,>100,>100,太湖水稻土
80%代森锰锌可湿性粉剂,>100,>100,东北黑土
80%甲硫・戊唑醇可湿性粉剂,>100,>100,太湖水稻土
80%甲硫・戊唑醇可湿性粉剂,>100,>100,东北黑土
80%三乙膦酸铝可分散粒剂,>100,>100,太湖水稻土
80%三乙膦酸铝可分散粒剂,>100,>100,东北黑土
80%溴苯腈可溶粉剂,>10,>10,太湖水稻土
80%溴苯腈可溶粉剂,6.06,2.84,东北黑土
95%氯吡嘧磺隆原药,>100,>100,太湖水稻土
95%氯吡嘧磺隆原药,>100,>100,东北黑土
97%甲羧除草醚原药,>100,>100,太湖水稻土
350g/L吡虫啉悬浮剂,4.59,3.25,太湖水稻土
350g/L吡虫啉悬浮剂,5.92,4.29,东北黑土
400g/L噻嗪酮悬浮剂,>100,>100,太湖水稻土
400g/L噻嗪酮悬浮剂,>100,>100,东北黑土
"460g/L2,4-滴・麦草畏胺盐水剂",>100,>100,太湖水稻土
"460g/L2,4-滴・麦草畏胺盐水剂",>100,>100,东北黑土
480g/L麦草畏水剂,>100,>100,太湖水稻土
480g/L麦草畏水剂,>100,>100,东北黑土
500g/L三唑酮悬浮剂,>100,>100,太湖水稻土
500g/L三唑酮悬浮剂,>100,>100,东北黑土
700g/L敌稗・丁草胺乳油,>100,>100,太湖水稻土
700g/L敌稗・丁草胺乳油,>100,>100,东北黑土
16%苯醚・中可湿性粉剂,>100,>100,无
17.5%高氯氟・丁醚脲微乳剂,55.25,45.95,无
18%烯酰・甲霜灵可湿性粉剂,>100,>100,无
20%阿维・丙溴磷乳油,>50,25.86,无
20%阿维・三唑磷微乳剂,>100,29.11,无
20%丙溴磷微乳剂,50,31.62,无
20%毒死蜱・三唑磷微乳剂,>100,62.09,人工土壤
20%毒死蜱・辛硫磷乳油,>100,>100,太湖水稻土
20%毒死蜱・辛硫磷乳油,>100,>100,东北黑土
20%氟硅唑可湿性粉剂,>100,>100,太湖水稻土
1%甲氨基阿维菌素水乳剂,22.97,21.44,太湖水稻土
1%甲氨基阿维菌素水乳剂,17.75,13.46,东北黑土
2.5%高效氟氯氰菊酯水乳剂,>100,>100,太湖水稻土
2.5%高效氟氯氰菊酯水乳剂,>100,>100,东北黑土
2.6%高效氯氟氰菊酯・甲维盐水乳剂,>100,>100,人工土壤
2.6%高效氯氟氰菊酯・甲维盐微乳剂,54.01,42.29,人工土壤
2.6%甲维・高氯氟微乳剂,>50,>50,人工土壤
3%阿维・高氯乳油,42.87,38.64,人工土壤
3%阿维・高效氯氟氰菊酯水乳剂,17.29,7.15,人工土壤
3%甲维・高氯氟水乳剂,44.88,34.03,太湖水稻土
3%甲维・高氯氟水乳剂,29.28,24.62,东北黑土
3%中生菌素可湿性粉剂,>100,>100,太湖水稻土
3%中生菌素可湿性粉剂,>100,>100,东北黑土
3%中生菌素可湿性粉剂,3.16,0.68,人工土壤
4%阿维・啶虫脒微乳剂,3.16,0.68,人工土壤
4%阿维菌素・啶虫脒微乳剂,1.41,1.32,太湖水稻土
4%阿维菌素・啶虫脒微乳剂,2.77,1.83,东北黑土
4.2%高氯・甲维盐微乳剂,>100,>100,太湖水稻土
4.2%高氯・甲维盐微乳剂,>100,>100,东北黑土
5%阿维・吡虫啉乳油,2.79,2.38,人工土壤
5%高氯・甲维盐水乳剂,>100,>100,太湖水稻土
5%高氯・甲维盐水乳剂,>100,>100,东北黑土
5%高效氟氯氰菊酯水乳剂,>100,>100,太湖水稻土
5%高效氟氯氰菊酯水乳剂,>100,>100,东北黑土
5%甲氨基阿维菌素水分散粒剂,>20,>20,太湖水稻土
5%甲氨基阿维菌素水分散粒剂,>20,>20,东北黑土
5%甲氨基阿维菌素微乳剂,>20,>20,太湖水稻土
5%甲氨基阿维菌素微乳剂,>20,>20,东北黑土
8%苯甲・中生菌素可湿性粉剂,25.86,2.51,人工土壤
8%氟硅唑微乳剂,>100,>100,人工土壤
8%中生菌素・苯醚甲环唑可湿性粉剂,>100,>100,太湖水稻土
8%中生菌素・苯醚甲环唑可湿性粉剂,>100,>100,东北黑土
10%阿维・四螨嗪悬浮剂,>100,>100,太湖水稻土
10%阿维・四螨嗪悬浮剂,>100,>100,东北黑土
10%苯醚甲环唑可湿性粉剂,>100,>100,太湖水稻土
10%苯醚甲环唑可湿性粉剂,>100,>100,东北黑土
10%苯醚甲环唑微乳剂,>100,>100,太湖水稻土
10%苯醚甲环唑微乳剂,>100,>100,东北黑土
10%哒螨灵・啶虫脒微乳剂,2.83,2.59,太湖水稻土
10%啶虫・哒螨灵微乳剂,5.49,4.64,东北黑土
10%丁醚脲微乳剂,17.61,7.17,人工土壤
10%丁醚脲微乳剂,3.1,1.78,人工土壤
10%高效氯氰菊酯微乳剂,>100,>100,太湖水稻土
10%高效氯氰菊酯微乳剂,>100,>100,东北黑土
10%甲氰菊酯微乳剂,>100,>100,太湖水稻土
10%甲氰菊酯微乳剂,>100,>100,东北黑土
10.8%阿维・哒螨灵悬浮剂,100,71.09,人工土壤
15%阿维・毒死蜱微乳剂,59.15,57.63,人工土壤
15%阿维・噻嗪酮悬浮剂,>100,>100,太湖水稻土
15%阿维・噻嗪酮悬浮剂,>100,>100,东北黑土
1.5%斑蝥素母粉,4.42,1.56,人工土壤
1.5%噻虫啉微胶囊粉剂,5.26,2.44,人工土壤
1.8%阿维・高氯乳油,44.59,36.64,人工土壤
1.8%阿维菌素乳油,>100,56.12,人工土壤
2.5%高效氯氟氰菊酯水乳剂,5.47,5.12,人工土壤
3%敌百・毒死蜱颗粒剂,>50,25.86,人工土壤
3%甲氨基阿维菌素泡腾片剂,>100,26.11,人工土壤
3%甲霜・f霉灵水剂,>100,>100,人工土壤
3%噻虫啉微囊悬浮剂,7.18,2.87,人工土壤
4%高氯・吡虫啉微乳剂,17.03,7.17,人工土壤
5%高效氯氟氰菊酯乳油,15.71,6.95,人工土壤
4%高氯・甲维盐微乳剂,>50,>50,人工土壤
5%阿维・唑螨酯悬浮剂,26.47,12.64,人工土壤
5%啶虫脒可湿性粉剂,2.11,0.62,人工土壤
5%己唑醇微乳剂,>100,>100,人工土壤
5%甲维・氟铃脲乳油,1.15,0.71,人工土壤
5%甲维・氟铃脲水分散粒剂,25,11.57,人工土壤
5%精喹禾灵水乳剂,>100,>100,人工土壤
5%辛硫磷颗粒剂,28.28,24.12,人工土壤
5%唑螨酯悬浮剂,>100,>100,太湖水稻土
5%唑螨酯悬浮剂,>100,>100,东北黑土
5.7%甲氨基阿维菌素苯甲酸盐可溶粒剂,>50,>50,人工土壤
5.7%甲氨基阿维菌素苯甲酸盐水分散粒剂,>50,13.34,人工土壤
7%阿维・氯氰菊酯水乳剂,>100,>100,人工土壤
8%残杀威可湿性粉剂,7.75,4.56,无
8%毒死蜱・辛硫磷颗粒剂,>100,>100,人工土壤
9%甲嘧・草甘膦悬浮剂,>100,>100,人工土壤
10%阿维・啶虫脒水分散粒剂,0.32,0.18,人工土壤
10%阿维・烯啶虫胺水分散粒剂,4.55,2,无
10%阿维・唑螨酯悬浮剂,50,10.72,人工土壤
10%吡嘧磺隆可湿性粉剂,>100,>100,人工土壤
10%虫酰肼・虫螨腈可湿性粉剂,>100,>100,太湖水稻土
10%虫酰肼・虫螨腈可湿性粉剂,>100,>100,东北黑土
10%啶虫脒微乳剂,1.49,1.32,人工土壤
10%多抗霉素可湿性粉剂,>100,50.21,人工土壤
10%f唑酰草胺可湿性粉剂,>100,>100,太湖水稻土
10%f唑酰草胺可湿性粉剂,>100,>100,东北黑土
10%氟硅唑水乳剂,>100,75.79,无
10%高效氯氟氰菊酯微囊悬浮剂,50,29.73,无
10%醚菌酯水乳剂,>50,>50,人工土壤
10%四螨嗪・哒螨灵悬浮剂,31,21.04,人工土壤
12%毒死蜱・高氯水乳剂,100,35.58,人工土壤
12%井冈霉素・戊唑醇悬浮剂,>50,>50,人工土壤
15%井冈霉素A・戊唑醇悬浮剂,>100,>100,人工土壤
15%炔草酯可湿性粉剂,>100,>100,无
15%异丙威烟剂,>100,92.83,太湖水稻土
15%异丙威烟剂,>100,51.49,东北黑土
18%联菊・丁醚脲微乳剂,18.6,11.29,人工土壤
18%烟嘧・硝磺草酮油悬浮剂,>100,>100,人工土壤
20%苯醚・多菌灵悬浮剂,>100,30.26,人工土壤
20%苄嘧磺隆・丙草胺可湿性粉剂,>100,>100,人工土壤
20%虫酰・辛硫磷乳油,>100,79.53,人工土壤
20%氟吡・草除灵乳油,>100,>100,人工土壤
20%氟硅唑・咪鲜胺水乳剂,>100,45.47,人工土壤
20%氯吡・苯磺隆可湿性粉剂,>100,>100,太湖水稻土
20%氯吡・苯磺隆可湿性粉剂,>100,>100,东北黑土
20%咪鲜・抑霉唑水乳剂,>50,>50,人工土壤
20%氰氟草酯可分散油悬浮剂,>100,>100,人工土壤
20%氰氟草酯可湿性粉剂,>100,>100,人工土壤
20%烯啶・噻虫啉水分散粒剂,1.94,0.45,人工土壤
20%烯啶虫胺可溶液剂,>10,>10,人工土壤
20%烯啶虫胺水分散粒剂,2.26,1.19,人工土壤
22%春雷霉素・氯溴异氰尿酸可湿性粉剂,>100,>100,人工土壤
24%烟嘧・莠去津可分散油悬浮剂,>100,>100,人工土壤
25%吡蚜酮可湿性粉剂,3.13,0.22,人工土壤
25%甲硫・己唑醇悬浮剂,79.37,46.71,人工土壤
25%甲硫・醚菌酯悬浮剂,>100,>100,人工土壤
25%咪鲜胺锰盐可湿性粉剂,>100,>100,人工土壤
25%氰氟草酯・二氯喹磷酸可湿性粉剂,>100,>100,人工土壤
25%噻嗪・异丙威可湿性粉剂,100,100,人工土壤
25%戊唑醇・异菌脲悬浮剂,>100,>100,人工土壤
480g/L多杀霉素悬浮剂,>50,21.44,人工土壤
30%阿维・啶虫脒水分散粒剂,4.42,2.21,人工土壤
30%苯甲・丙环唑悬乳剂,>100,>100,太湖水稻土
30%苯甲・丙环唑悬乳剂,>100,>100,东北黑土
30%丙草胺乳油对油菜,>100,61.23,人工土壤
30%草甘膦水剂,>100,>100,人工土壤
30%草甘膦水剂,>50,>50,人工土壤
30%稻瘟酰胺・戊唑醇悬浮剂,>100,70.71,人工土壤
30%稻酰・己唑醇悬浮剂,>100,>100,人工土壤
30%氟菌唑・醚菌酯可湿性粉剂,>50,>50,人工土壤
30%甲硫・戊唑醇悬浮剂,>50,>50,人工土壤
30%甲维・毒死蜱水乳剂,25.19,79.37,人工土壤
30%甲维・杀虫单微乳剂,38.71,14.42,人工土壤
30%噻嗪・异丙威可湿性粉剂,15.01,7.37,人工土壤
30%辛硫磷微囊悬浮剂,>50,50,人工土壤
30%辛酰碘苯腈水乳剂,>100,>100,人工土壤
35%氟菌唑可湿性粉剂,>100,>100,人工土壤
40%阿维・炔螨特水乳剂,>50,4.47,人工土壤
40%苯醚・醚菌酯水分散粒剂,>50,>50,人工土壤
40%丙溴磷乳油,>50,7.27,人工土壤
40%啶虫脒水分散粒剂,3.48,3.25,太湖水稻土
40%啶虫脒水分散粒剂,2.83,2.64,东北黑土
40%多菌灵悬浮剂,2.42,0.32,人工土壤
40%粉唑醇悬浮剂,>100,>100,人工土壤
40%灭松・唑草酮水分散粒剂,>160,>160,人工土壤
40%双草醚可湿性粉剂,>50,50,人工土壤
40%肟草酮水分散粒剂,>100,>100,太湖水稻土
40%肟草酮水分散粒剂,>100,>100,东北黑土
40%戊唑醇・多菌灵悬浮剂,8.79,3.63,人工土壤
40%烯酰吗啉悬浮剂,>100,>100,人工土壤
40%异f・氟磺胺乳油,>100,>100,太湖水稻土
40%异f・氟磺胺乳油,>100,>100,东北黑土
41%阿维・毒死蜱乳油,>50,>50,人工土壤
42%噻嗪・毒死蜱乳油,>100,>100,太湖水稻土
42%噻嗪・毒死蜱乳油,>100,>100,东北黑土
43%甲硫・戊唑醇悬浮剂,>100,>100,人工土壤
44%精甲・百菌清悬浮剂,>100,>100,人工土壤
45%丙森・己唑醇水分散粒剂,>50,38.56,人工土壤
45%毒死蜱乳油,16.29,9.66,人工土壤
45%f草・丁草胺乳油,>100,>100,太湖水稻土
45%f草・丁草胺乳油,>100,>100,东北黑土
45%甲硫・己唑醇可湿性粉剂,>100,>100,太湖水稻土
45%甲硫・己唑醇可湿性粉剂,>100,>100,东北黑土
48%福美双・三唑酮可湿性粉剂,>100,>100,太湖水稻土
48%福美双・三唑酮可湿性粉剂,>100,>100,东北黑土
48%甲硫・咪锰可湿性粉剂,>100,70.71,人工土壤
50%吡蚜酮水分散粒剂,8.07,1.31,太湖水稻土
50%吡蚜酮水分散粒剂,>100,>100,东北黑土
50%丙草胺水乳剂,>100,>100,人工土壤
50%丙唑・咪鲜胺微乳剂,>100,>100,人工土壤
50%敌敌畏・仲丁威乳油,>100,>100,太湖水稻土
50%敌敌畏・仲丁威乳油,>100,>100,东北黑土
50%氟胺磺隆水分散粒剂,>100,>100,太湖水稻土
50%氟胺磺隆水分散粒剂,>100,>100,东北黑土
50%氟硅唑・多菌灵可湿性粉剂,>200,151.57,人工土壤
50%甲硫・醚菌酯可湿性粉剂,>100,70.71,人工土壤
50%咪锰・戊唑醇可湿性粉剂,>100,>100,人工土壤
50%烯酰吗啉水分散粒剂,>100,>100,人工土壤
52%咪鲜・稻瘟灵乳油,>100,>100,人工土壤
55%丙森・醚菌酯水分散粒剂,>100,>100,人工土壤
60%苯醚・多菌灵可湿性粉剂,47.29,14.12,人工土壤
60%吡嘧・苯噻酰可湿性粉剂,>100,>100,太湖水稻土
60%吡嘧・苯噻酰可湿性粉剂,>100,>100,东北黑土
60%敌・马拉硫磷乳油,36.99,30.53,人工土壤
60%啶虫脒泡腾片剂,3.13,1.56,人工土壤
60%噻菌灵水分散粒剂,>50,31.62,人工土壤
68%吡嘧・苯噻酰可湿性粉剂,>100,>100,人工土壤
68%吡嘧磺隆・二氯喹啉酸可湿性粉剂,>100,>100,人工土壤
68%丙森・甲霜灵可湿性粉剂,>100,>100,人工土壤
69%烯酰・锰锌可湿性粉剂,>100,>100,人工土壤
70%吡虫啉湿拌种剂,2.34,1.59,人工土壤
70%吡虫啉湿拌种剂,2.5,1.93,太湖水稻土
70%吡虫啉湿拌种剂,2.64,2.3,东北黑土
70%丙森锌・多菌灵可湿性粉剂,7.17,5.31,人工土壤
70%脱叶磷乳油,>50,>50,人工土壤
70%戊唑醇・丙森锌水分散粒剂,>100,>100,人工土壤
"72%2,4-滴丁酯乳油",>100,>100,人工土壤
73%炔螨特乳油,88.73,68.55,人工土壤
95%2甲4氯原药,>100,>100,人工土壤
95%吡螨胺原药,>100,>100,人工土壤
95%草铵膦原药,>100,>100,太湖水稻土
95%草甘膦原药,>100,>100,太湖水稻土
95%草甘膦原药,>100,>100,东北黑土
95%氟胺磺隆原药,>100,>100,太湖水稻土
95%氟胺磺隆原药,>100,>100,东北黑土
95%嘧菌酯原药,>100,70.71,人工土壤
95%氰烯菌酯原药,>100,>100,太湖水稻土
95%氰烯菌酯原药,>100,>100,东北黑土
95%噻虫胺原药,>100,70.71,人工土壤
95%肟草酮原药,>100,>100,太湖水稻土
95%肟草酮原药,>100,>100,东北黑土
95%辛酰碘苯腈原药,>100,>100,太湖水稻土
95%辛酰碘苯腈原药,>100,>100,东北黑土
97%吡蚜酮原药,>100,>100,太湖水稻土
97%吡蚜酮原药,>100,>100,东北黑土
97%吡唑草胺原药,>100,>100,人工土壤
97%氟啶胺原药,>100,>100,太湖水稻土
97%氟啶胺原药,>100,>100,东北黑土
97%嘧菌酯原药,>100,>100,人工土壤
200g/L百草枯水剂,>100,22.39,人工土壤
200g/L氯氟吡氧乙酸乳油,79.37,21.81,人工土壤
250g/L嘧菌酯悬浮剂,141.42,87.81,人工土壤
250g/L丙环唑乳油,>100,>100,人工土壤
250g/L草铵膦水剂,>100,>100,人工土壤
380g/Lf草酮悬浮剂,>100,>100,太湖水稻土
380g/Lf草酮悬浮剂,>100,>100,东北黑土
430g/L戊唑醇悬浮剂,>100,36.16,人工土壤
480g/L灭草松水剂,>100,>100,人工土壤
480g/L戊唑醇・百菌清悬浮剂,>100,>100,人工土壤
500g/L甲基硫菌灵悬浮剂,>100,>100,人工土壤
720g/L丙溴磷乳油,>40,28.28,太湖水稻土
720g/L丙溴磷乳油,>100,>100,东北黑土
75%磺酰磺隆水分散粒剂,>100,>100,太湖水稻土
75%磺酰磺隆水分散粒剂,>100,>100,东北黑土
79%烟嘧・莠去津水分散粒剂,>100,>100,太湖水稻土
79%烟嘧・莠去津水分散粒剂,>100,>100,东北黑土
80%草甘膦可溶粒剂,>100,>100,人工土壤
80%多菌灵可湿性粉剂,>100,>100,人工土壤
80%硫双威水分散粒剂,25.2,15.76,太湖水稻土
80%硫双威水分散粒剂,68.75,13.46,东北黑土
80%戊唑醇可湿性粉剂,>100,>100,太湖水稻土
80%戊唑醇可湿性粉剂,>100,>100,东北黑土
"85%2,4-滴钠盐可溶粉剂",>100,>100,人工土壤
90%多菌灵水分散粒剂,7.26,2.69,人工土壤
92%2甲4氯异辛酯原药,>100,>100,人工土壤
20%氟硅唑微乳剂,>100,>100,太湖水稻土
20%氟硅唑微乳剂,>100,>100,东北黑土
20%甲维・毒死蜱微乳剂,>100,>100,太湖水稻土
20%甲维・毒死蜱微乳剂,>100,>100,东北黑土
20%甲维盐・虫酰肼悬浮剂,24.9,24.97,太湖水稻土
20%甲维盐・虫酰肼悬浮剂,17.44,16.02,东北黑土
20%咪鲜胺・三环唑可湿性粉剂,>100,>100,太湖水稻土
20%咪鲜胺・三环唑可湿性粉剂,>100,>100,东北黑土
20%三唑磷・辛硫磷乳油,96.35,92.83,太湖水稻土
20%三唑磷・辛硫磷乳油,>100,100,东北黑土
20%三唑锡悬浮剂,110.96,55.89,人工土壤
20%四螨嗪悬浮剂,>100,>100,东北黑土
20%四螨嗪悬浮剂,>100,>100,太湖水稻土
20%戊唑醇・异菌脲悬浮剂,>100,>100,人工土壤
21%阿维・三唑锡悬浮剂,63.25,59.01,太湖水稻土
21%阿维・三唑锡悬浮剂,54.4,25.56,东北黑土
21%啶虫・毒死蜱微乳剂,6.85,6.85,太湖水稻土
21%啶虫・毒死蜱微乳剂,10.25,6.85,东北黑土
24%螺螨酯悬浮剂,>100,>100,太湖水稻土
24%螺螨酯悬浮剂,>100,>100,东北黑土
25%吡蚜酮悬浮剂,25.19,11.19,人工土壤
25%丁醚脲悬浮剂,>100,>100,太湖水稻土
25%丁醚脲悬浮剂,81,45.95,东北黑土
25%啶虫・毒死蜱微乳剂,8.05,7.01,太湖水稻土
25%啶虫・毒死蜱微乳剂,12.04,8.82,东北黑土
25%氟硅唑水乳剂,>100,>100,人工土壤
25%甲维盐・灭幼脲悬浮剂,>100,>100,太湖水稻土
25%甲维盐・灭幼脲悬浮剂,>100,>100,东北黑土
25%噻嗪酮・异丙威可湿性粉剂,10.36,5.21,人工土壤
25%噻嗪酮可湿性粉剂,>100,>100,人工土壤
25%烯酰吗啉・中生菌素可湿性粉剂,>100,>100,太湖水稻土
25%烯酰吗啉・中生菌素可湿性粉剂,>100,>100,东北黑土
30%苯醚甲环唑・丙环唑水乳剂,>100,>100,太湖水稻土
30%苯醚甲环唑・丙环唑水乳剂,>100,>100,东北黑土
30%多菌灵・苯醚甲环唑可湿性粉剂,>100,>100,太湖水稻土
30%多菌灵・苯醚甲环唑可湿性粉剂,>100,>100,东北黑土
30%f霉灵水剂,>100,>100,人工土壤
30%甲硫・异菌脲悬浮剂,>100,>100,太湖水稻土
30%甲硫・异菌脲悬浮剂,>100,>100,东北黑土
30%喹硫磷・辛硫磷乳油,>100,>100,太湖水稻土
30%喹硫磷・辛硫磷乳油,>100,>100,东北黑土
37%苯醚甲环唑水分散粒剂,>100,-,人工土壤
40%百菌清悬浮剂,>100,>100,人工土壤
40%苯甲・甲硫可湿性粉剂,1.83,1.26,人工土壤
40%丙草胺・苄嘧磺隆可湿性粉剂,>100,>100,太湖水稻土
40%丙草胺・苄嘧磺隆可湿性粉剂,>100,>100,东北黑土
40%丙溴磷乳油,>100,>100,太湖水稻土
40%丙溴磷乳油,>100,>100,东北黑土
40%啶虫脒水分散粒剂,3.4,2.94,太湖水稻土
40%啶虫脒水分散粒剂,3.06,2.26,东北黑土
40%甲基硫菌灵・苯醚甲环唑可湿性粉剂,26.67,3.16,人工土壤
40%甲基硫菌灵・戊唑醇可湿性粉剂,27.01,1.93,人工土壤
40%腈菌唑可湿性粉剂,>100,>100,太湖水稻土
40%腈菌唑可湿性粉剂,>100,>100,东北黑土
40%嘧霉・百菌清悬浮剂,>100,>100,人工土壤
40%戊唑・咪鲜胺水乳剂,>100,>100,太湖水稻土
40%戊唑・咪鲜胺水乳剂,>100,>100,东北黑土
42%多菌灵・硫磺悬浮剂,>100,>100,太湖水稻土
42%多菌灵・硫磺悬浮剂,>100,>100,东北黑土
43%戊唑醇・甲硫悬浮剂,>50,6.69,人工土壤
43.7%甲维盐・丁醚脲悬浮剂,>100,>100,太湖水稻土
43.7%甲维盐・丁醚脲悬浮剂,>100,>100,东北黑土
44.8%高氯・丙溴磷乳油,102.5,63.25,太湖水稻土
44.8%高氯・丙溴磷乳油,40.4,22.45,东北黑土
45%吡虫・毒死蜱乳油,40,34.82,人工土壤
46%代森锌・中可湿性粉剂,>100,>100,太湖水稻土
46%代森锌・中可湿性粉剂,>100,>100,东北黑土
46%代森锌・中生菌素可湿性粉剂,>50,50,人工土壤
48%甲维・丁醚脲悬浮剂,>100,81,太湖水稻土
48%甲维・丁醚脲悬浮剂,>100,31.72,东北黑土
50%哒螨・丁醚脲悬浮剂,141.42,77.34,太湖水稻土
50%哒螨・丁醚脲悬浮剂,34.8,15.42,东北黑土
50%丁醚脲可湿性粉剂,>100,>100,太湖水稻土
50%丁醚脲可湿性粉剂,>100,>100,东北黑土
50%多菌灵水分散粒剂,>100,>100,太湖水稻土
50%多菌灵水分散粒剂,>100,>100,东北黑土
50%甲硫・氟硅唑可湿性粉剂,>50,>50,人工土壤
50%甲硫・咪鲜胺可湿性粉剂,>100,>100,太湖水稻土
50%锰锌・戊唑醇可湿性粉剂,>100,79.37,人工土壤
50%唑锡・丁醚脲悬浮剂,>100,>100,太湖水稻土
50%唑锡・丁醚脲悬浮剂,>100,>100,东北黑土
52%甲基硫菌灵・中生菌素可湿性粉剂,>100,>100,太湖水稻土
52%甲基硫菌灵・中生菌素可湿性粉剂,>100,>100,东北黑土
52%烟嘧・莠去津可湿性粉剂,>100,>100,人工土壤
53%多菌灵・中生菌素可湿性粉剂,13.8,2.72,人工土壤
55%苯甲・锰锌可湿性粉剂,>50,>50,人工土壤
55%苯醚甲环唑・代森锰锌可湿性粉剂,>100,>100,太湖水稻土
55%苯醚甲环唑・代森锰锌可湿性粉剂,>100,>100,东北黑土
55%多菌灵・氟硅唑可湿性粉剂,>100,>100,人工土壤
55%多菌灵・氟硅唑可湿性粉剂,>200,>200,太湖水稻土
55%多菌灵・氟硅唑可湿性粉剂,>200,>200,东北黑土
56%烯酰吗啉・百菌清可湿性粉剂,>100,>100,太湖水稻土
56%烯酰吗啉・百菌清可湿性粉剂,>100,>100,东北黑土
57%炔螨特乳油,>100,>100,太湖水稻土
57%炔螨特乳油,>100,>100,东北黑土
58%甲霜・锰锌可湿性粉剂,>100,>100,人工土壤
60%腈菌唑・代森锰锌可湿性粉剂,>100,>100,人工土壤
60%乙草胺・莠去津悬浮剂,>100,>100,太湖水稻土
60%乙草胺・莠去津悬浮剂,>100,>100,东北黑土
64%f霜・锰锌可湿性粉剂,>100,>100,太湖水稻土
64%f霜・锰锌可湿性粉剂,>100,>100,东北黑土
70%丙森锌・甲硫可湿性粉剂,4.64,3.45,人工土壤
70%烯酰吗啉・丙森锌可湿性粉剂,>100,>100,太湖水稻土
70%烯酰吗啉・丙森锌可湿性粉剂,>100,>100,东北黑土
80%代森锰锌可湿性粉剂,>100,>100,人工土壤
80%代森锌可湿性粉剂,>100,>100,太湖水稻土
80%代森锌可湿性粉剂,>100,>100,东北黑土
80%多菌灵水分散粒剂,>100,58.36,太湖水稻土
80%多菌灵水分散粒剂,>100,>100,东北黑土
100g/L虫螨腈悬浮剂,>100,>100,人工土壤
125g/L氟环唑悬浮剂,>100,>100,人工土壤
200g/L百草枯水剂,>100,79.37,人工土壤
250g/L粉唑醇悬浮剂,>100,>100,人工土壤
300g/L吡虫・噻嗪酮悬浮剂,17.78,6.69,人工土壤
500g/L苯醚甲・丙环唑乳油,>100,>100,太湖水稻土
500g/L苯醚甲・丙环唑乳油,>100,>100,东北黑土
500g/L甲基硫菌灵悬浮剂,>100,8.33,人工土壤
500g/L四螨嗪・丁醚脲悬浮剂,>100,>100,太湖水稻土
500g/L四螨嗪・丁醚脲悬浮剂,>100,>100,东北黑土
500g/L四螨嗪悬浮剂,>100,>100,太湖水稻土
500g/L异菌脲悬浮剂,>100,>100,人工土壤
600g/L辛硫磷乳油,>100,>100,太湖水稻土
600g/L辛硫磷乳油,>100,>100,东北黑土
0.2%苄嘧・苯噻酰颗粒剂,>20,>20,太湖水稻土
0.2%苄嘧・苯噻酰颗粒剂,>20,>20,东北黑土
2%甲氨基阿维菌素乳油,-,>100,人工土壤
2.5%吡嘧磺隆泡腾片剂,>100,>100,人工土壤
3%阿维・高氯乳油,84.09,51.96,人工土壤
3%阿维菌素水乳剂,7.71,0.41,人工土壤
3%甲氨基阿维菌素微乳剂,>100,75.32,太湖水稻土
3%甲氨基阿维菌素微乳剂,>100,53.91,东北黑土
4.5%高效氯氰菊酯乳油,>100,>100,太湖水稻土
4.5%高效氯氰菊酯乳油,>100,>100,东北黑土
5%高效氯氟氰菊酯水乳剂,12.14,5.26,人工土壤
5%己唑醇悬浮剂,>100,70.71,人工土壤
5%噻螨酮乳油,>100,>100,太湖水稻土
5%噻螨酮乳油,>100,>100,东北黑土
6%虫螨腈・甲维盐微乳剂,76.97,50.24,太湖水稻土
6%虫螨腈・甲维盐微乳剂,57.19,18.66,东北黑土
10%吡虫啉可湿性粉剂,1.74,1.22,人工土壤
10%虫螨腈微乳剂,>100,>100,太湖水稻土
10%虫螨腈微乳剂,>100,>100,东北黑土
10%虫螨腈悬浮剂,54.01,23.23,太湖水稻土
10%虫螨腈悬浮剂,42.29,17.22,东北黑土
10%精喹禾灵乳油,>100,>100,太湖水稻土
10%精喹禾灵乳油,>100,>100,东北黑土
10%氯氰菊酯乳油,>100,>100,太湖水稻土
10%氯氰菊酯乳油,>100,>100,东北黑土
10%烯啶虫胺水剂,2.54,2.33,太湖水稻土
10%烯啶虫胺水剂,2.24,2.24,东北黑土
12.5%阿维・三唑锡可湿性粉剂,54.53,14.59,人工土壤
15%阿维・噻嗪酮可湿性粉剂,>20,>20,太湖水稻土
15%阿维・噻嗪酮可湿性粉剂,>20,>20,东北黑土
15%氟硅唑水乳剂,>100,>100,人工土壤
15%精喹禾灵乳油,>100,>100,太湖水稻土
15%精喹禾灵乳油,>100,>100,东北黑土
20%阿维・三唑磷水乳剂,>100,31.62,人工土壤
20%苯磺隆・氯氟吡氧乙酸可湿性粉剂,>100,>100,人工土壤
20%苯醚甲环唑微乳剂,>100,>100,人工土壤
20%甲维・毒死蜱微乳剂,21.15,3.16,人工土壤
20%甲维・毒死蜱微乳剂,>100,70.71,人工土壤
20%三唑磷乳油,>100,>100,太湖水稻土
20%三唑磷乳油,>100,>100,东北黑土
20%三唑锡悬浮剂,>100,>100,人工土壤
23%烟嘧・莠去津悬浮剂,>100,>100,人工土壤
25%三唑酮可湿性粉剂,>100,>100,人工土壤
30%阿维・炔螨特水乳剂,10.91,6.69,人工土壤
30%毒死蜱・噻嗪酮乳油,50,5.62,人工土壤
35%吡嘧・丙草胺可湿性粉剂,>100,>100,太湖水稻土
35%吡嘧・丙草胺可湿性粉剂,>100,>100,东北黑土
35%苄嘧・丙草胺可湿性粉剂,>100,>100,太湖水稻土
35%苄嘧・丙草胺可湿性粉剂,>100,>100,东北黑土
35%丙草胺・吡嘧可湿性粉剂,>100,>100,太湖水稻土
35%丙草胺・吡嘧可湿性粉剂,>100,>100,东北黑土
40%阿维・炔螨特水乳剂,>100,49.25,太湖水稻土
40%阿维・炔螨特水乳剂,92.83,18.66,东北黑土
40%稻瘟灵可湿性粉剂,>100,>100,人工土壤
40%稻瘟灵乳油,>100,>100,人工土壤
40%丁草胺・f草酮乳油,>100,>100,太湖水稻土
40%丁草胺・f草酮乳油,>100,>100,东北黑土
40%啶虫脒水分散粒剂,5.95,2.24,人工土壤
40%多菌灵・五氯硝基苯可湿性粉剂,>100,>100,太湖水稻土
40%多菌灵・五氯硝基苯可湿性粉剂,>100,>100,东北黑土
45%吡虫・异丙威可湿性粉剂,40,34.82,太湖水稻土
45%吡虫・异丙威可湿性粉剂,48.91,37.03,东北黑土
50%吡嘧・苯噻酰可湿性粉剂,>100,>100,人工土壤
50%吡嘧・二氯喹可湿性粉剂,>100,>100,太湖水稻土
50%吡嘧・二氯喹可湿性粉剂,>100,>100,东北黑土
50%二氯喹・吡嘧可湿性粉剂,>100,>100,太湖水稻土
50%二氯喹・吡嘧可湿性粉剂,>100,>100,东北黑土
50g/L氟氯氰菊酯乳油,45.16,45.16,人工土壤
55%硝磺草酮・莠去津悬浮剂,>100,>100,人工土壤
64%f霉灵・代森锰锌可湿性粉剂,>100,>100,人工土壤
65%代森锌可湿性粉剂,>100,>100,人工土壤
65%戊唑・丙森锌可湿性粉剂,>100,>100,人工土壤
69%烯酰吗啉・代森锰锌可湿性粉剂,>100,>100,太湖水稻土
69%烯酰吗啉・代森锰锌可湿性粉剂,>100,>100,东北黑土
70%甲硫・乙嘧酚可湿性粉剂,>100,>100,人工土壤
72%丙森锌・烯酰吗啉可湿性粉剂,>100,>100,人工土壤
73%炔螨特乳油,>50,7.93,人工土壤
75%二氯喹啉酸可湿性粉剂,>100,>100,太湖水稻土
75%二氯喹啉酸可湿性粉剂,>100,>100,东北黑土
75%二氯喹啉酸可湿性粉剂,>50,>50,人工土壤
75%噻吩磺隆可湿性粉剂,>100,>100,太湖水稻土
75%噻吩磺隆可湿性粉剂,>100,>100,东北黑土
80%苯磺隆水分散粒剂,>100,>100,人工土壤
80%灭蝇胺水分散粒剂,>100,52.97,人工土壤
80%戊唑醇可湿性粉剂,>100,>100,人工土壤
250g/L粉唑醇悬浮剂,>100,>100,人工土壤
2%甲氨基阿维菌素水乳剂,9.23,7.13,人工土壤
4.2%高氯・甲维盐水乳剂,>50,>50,人工土壤
10%多杀霉素悬浮剂,>100,33.1,人工土壤
10%高效氯氟氰菊酯水乳剂,7.25,3.13,人工土壤
10%高效氯氰菊酯水乳剂,3.81,2.86,人工土壤
10%甲维・茚虫威悬浮剂,>100,>100,人工土壤
12.5%腈菌唑微乳剂,>100,70.71,人工土壤
12.5%腈菌唑微乳剂,31.62,2.59,人工土壤
18%吡虫啉・噻嗪酮悬浮剂,>50,>50,人工土壤
20%阿维・四螨嗪悬浮剂,20.74,6.78,人工土壤
22%阿维・螺螨酯悬浮剂,>100,>100,人工土壤
25%甲维・灭幼脲悬浮剂,9.86,2.69,人工土壤
25%甲维・灭幼脲悬浮剂,9.04,3.55,人工土壤
25%甲维・灭幼脲悬浮剂,>50,>50,人工土壤
25%嘧菌酯水分散粒剂,44.3,25.58,人工土壤
25%烯肟菌酯悬浮剂,>50,>50,人工土壤
30%苯甲・多菌灵可湿性粉剂,>100,>100,人工土壤
30%异菌脲・甲基硫菌灵悬浮剂,>100,>100,人工土壤
40%苯醚甲环唑・甲基硫菌灵可湿性粉剂,>100,>100,人工土壤
40%甲硫・苯醚甲可湿性粉剂,>100,>100,人工土壤
42%戊唑・多菌灵悬浮剂,>100,>100,人工土壤
43%戊唑醇・甲基硫菌灵悬浮剂,>100,>100,人工土壤
50%哒螨灵・丁醚脲悬浮剂,>100,>100,人工土壤
50%甲基硫菌灵・咪鲜胺可湿性粉剂,>100,>100,人工土壤
50%戊唑醇・代森锰锌可湿性粉剂,>100,>100,人工土壤
55%苯甲・锰锌可湿性粉剂,>100,>100,人工土壤
55%硅唑・多菌灵可湿性粉剂,>100,70.71,人工土壤
55%硅唑・多菌灵可湿性粉剂,>100,>100,人工土壤
60%烯酰・乙膦铝可湿性粉剂,>100,>100,人工土壤
60%烯酰・乙膦铝可湿性粉剂,>100,48.62,人工土壤
60%烯酰吗啉・三乙膦酸铝可湿性粉剂,>50,>50,人工土壤
70%丙森锌・甲基硫菌灵可湿性粉剂,>100,>100,人工土壤
70%烯酰・丙森锌可湿性粉剂,>50,>50,人工土壤
90%莠去津水分散粒剂,>100,>100,人工土壤
1.6%胺鲜酯水剂,>50,35.36,人工土壤
3%阿维菌素微乳剂,>100,33.37,人工土壤
10%精f唑禾草灵乳油,>100,>100,人工土壤
18g/L阿维菌素乳油,39.69,18.06,人工土壤
20%氟铃・辛硫磷乳油,>50,>50,人工土壤
50%吡嘧・二氯喹可湿性粉剂,>100,>100,人工土壤
50%精甲・丙森锌可湿性粉剂,>100,>100,人工土壤
50%醚菌酯可湿性粉剂,>100,>100,人工土壤
64%f霜・锰锌可湿性粉剂,>100,>100,人工土壤
80%烯酰吗啉可湿性粉剂,>100,>100,人工土壤
240g/L烯草酮乳油,>100,>100,人工土壤
2%甲氨基阿维菌素微乳剂,6.67,3.72,人工土壤
2.3%甲氨基阿维菌素苯甲酸盐微乳剂,>50,50,人工土壤
3%甲氨基阿维菌素苯甲酸盐悬浮剂,>50,12.57,人工土壤
3.6%杀虫双颗粒剂,>100,70.71,人工土壤
4.5%高效氯氰菊酯微乳剂,>50,29.73,人工土壤
5%阿维・高效氯氟氰菊酯水乳剂,>50,50,人工土壤
5%阿维菌素可湿性粉剂,35.36,4.42,人工土壤
5%阿维菌素乳油,>50,22.93,人工土壤
8%井冈霉素・32亿个/克蜡质芽孢杆菌可湿性粉剂,>100,>100,人工土壤
10%苯醚・抑霉唑水乳剂,>50,>50,人工土壤
10%氟硅唑水乳剂,>100,>100,人工土壤
10%氰氟草酯乳油,>100,>100,太湖水稻土
10%氰氟草酯乳油,>100,>100,东北黑土
10%噻唑膦颗粒剂,>50,29.16,人工土壤
10%烯啶虫胺可溶液剂,>25,6.07,人工土壤
10.2%阿维・三唑磷乳油,>50,35.36,人工土壤
12.5%阿维・哒螨灵可湿性粉剂,13.53,5.73,人工土壤
12.5%粉唑醇悬浮剂,≈50,14.54,人工土壤
15%多效唑可湿性粉剂,>100,70.71,人工土壤
16%四螨嗪・哒螨灵悬浮剂,>50,0.22,人工土壤
20%苯醚・咪鲜胺水乳剂,>100,>100,人工土壤
20%氟硅唑水乳剂,>100,>100,人工土壤
20%井冈・咪鲜胺可湿性粉剂,>100,>100,人工土壤
20%噻虫胺悬浮剂,2.03,1.46,人工土壤
20%仲丁威水乳剂,50,8.18,人工土壤
22%烟嘧・莠去津油悬浮剂,>100,>100,人工土壤
24%烟嘧・硝磺・莠油悬浮剂,>100,>100,人工土壤
25%砜嘧磺隆水分散粒剂,12.91,6.05,人工土壤
25g/L井冈霉素・10000亿活孢子/升蜡质芽孢杆菌水剂,>100,>100,人工土壤
28%灭菌唑悬浮种衣剂,3.49,1.36,人工土壤
30%吡虫啉・异丙威悬浮剂,4.22,1.39,人工土壤
30%毒死蜱微囊悬浮剂,>100,>100,人工土壤
30%三唑锡悬浮剂,13.34,13.8,人工土壤
30%烯唑醇悬浮剂,>100,>100,人工土壤
30%异丙威悬浮剂,2.09,1.14,人工土壤
33%苯甲・丙环唑微乳剂,>100,35.36,人工土壤
35%麦畏・草甘膦水剂,>100,>100,人工土壤
39%吡蚜酮・异丙威可湿性粉剂,>50,50,人工土壤
40%苯醚甲环唑悬浮剂,>100,>100,人工土壤
40%丙环唑水乳剂,>50,>50,人工土壤
40%丙环唑悬浮剂,>100,>100,太湖水稻土
40%丙环唑悬浮剂,>100,>100,东北黑土
40%丙溴磷乳油,>50,35.36,人工土壤
40%哒螨灵悬浮剂,11.71,0.25,人工土壤
40%氟啶胺悬浮剂,>100,>100,人工土壤
40%环丙唑醇悬浮剂,>100,>100,人工土壤
40%双草醚悬浮剂,>100,>100,人工土壤
40%四螨嗪悬浮剂,>50,>50,人工土壤
40%乙烯利水剂,>50,>50,人工土壤
40g/L烟嘧磺隆可分散油悬浮剂,>100,>100,人工土壤
41%草甘膦水剂,>100,>100,人工土壤
42%咪鲜・甲硫灵可湿性粉剂,>100,>100,人工土壤
45%丙环唑水乳剂,>100,70.71,人工土壤
48%丙森锌・醚菌酯可湿性粉剂,>100,>100,人工土壤
50%吡蚜・异丙威可湿性粉剂,25,2.21,人工土壤
50%吡蚜酮可湿性粉剂,4.03,1.78,人工土壤
50%吡蚜酮水分散粒剂,>100,70.71,人工土壤
50%己唑醇水分散粒剂,>50,>50,人工土壤
50%甲基硫菌灵悬浮剂,20.22,1.94,人工土壤
50%甲基硫菌灵悬浮剂,20.22,1.94,人工土壤
50%咪鲜胺可湿性粉剂,>100,>100,人工土壤
50%炔螨特水乳剂,>50,50,人工土壤
50%炔螨特水乳剂,45.29,24.06,人工土壤
50%噻虫胺水分散粒剂,2.95,1.97,人工土壤
52%阿维・杀虫单可湿性粉剂,>50,>50,人工土壤
55%吡酰・异丙隆悬浮剂,>100,>100,人工土壤
56%二甲四氯钠可溶粉剂,35.36,13.4,人工土壤
60%锰锌・腈菌唑可湿性粉剂,>100,>100,人工土壤
74.7%草甘膦铵盐可溶粒剂,>100,>100,人工土壤
68%草甘膦可溶粒剂,>100,>100,人工土壤
5.7%甲氨基阿维菌素苯甲酸盐水分散粒剂,79.37,19.96,人工土壤
70%吡虫啉水分散粒剂,9.02,5.31,人工土壤
70%春雷霉素原药,>100,>100,人工土壤
70%咪鲜胺锰盐・丙森锌可湿性粉剂,>100,>100,人工土壤
88.8%草甘膦铵盐可溶粒剂,>100,>100,人工土壤
80%草甘膦可溶粒剂,>100,>100,人工土壤
93%噻唑膦原药,>100,>100,人工土壤
95%草甘膦原药,>100,>100,人工土壤
95%粉唑醇原药,>100,>100,人工土壤
95%环丙唑醇原药,>100,>100,人工土壤
95%双草醚原药,>50,>50,人工土壤
98%氟啶胺原药,>100,>100,人工土壤
98%嘧菌酯原药,>50,44.54,人工土壤
99%三氯吡氧乙酸丁氧基乙酯原药,>50,2.66,人工土壤
108g/L高效氟吡甲禾灵乳油,>100,79.37,人工土壤
200g/L草铵膦水剂,>100,>100,人工土壤
250g/L百草枯水剂,42.53,31.86,人工土壤
250g/L二氯喹啉酸悬浮剂,>100,56.12,人工土壤
250g/L氟磺胺草醚水剂,>100,>100,人工土壤
250g/L苯醚甲环唑乳油,>100,>100,无锡水稻土
250g/L苯醚甲环唑乳油,>100,>100,东北黑土
